Id,Scene_label
2007,4
5636,0
1759,4
2621,3
2563,3
3294,3
2524,1
2462,6
6472,7
3455,1
2157,7
5427,3
643,3
6404,1
5122,3
5517,6
6172,2
6702,5
2878,5
614,9
111,9
1117,4
1215,6
5418,4
1371,3
4759,8
753,0
2654,9
3415,0
2134,6
48,2
1145,5
2783,2
2597,2
327,9
3878,7
1420,4
2306,7
3538,3
6301,8
3194,2
5497,7
3583,8
6535,6
4992,9
4382,2
2062,7
3112,8
3490,3
3734,2
1204,7
369,3
4546,1
1469,4
5793,2
2803,9
1185,2
6888,9
6680,7
1764,9
6278,1
1202,0
1002,2
1754,7
5048,8
6311,5
2142,0
4823,9
200,1
4495,2
6908,8
6064,2
5948,0
6205,9
1170,8
2248,7
2432,5
6036,0
1122,1
964,9
2526,3
4434,3
4815,4
3228,5
1959,6
1384,6
206,9
1907,8
7000,3
6101,9
4078,6
5329,7
537,9
3899,0
4023,7
5233,4
4332,2
4076,4
843,2
2382,3
6409,9
2275,5
3138,8
6978,9
1889,3
50,8
236,8
1737,9
6330,5
4692,4
2175,6
5421,3
6751,1
4179,8
5051,0
2298,2
4063,4
5656,1
243,2
2158,3
3993,1
7080,5
6161,2
123,6
1087,9
222,3
6121,7
2141,9
5450,9
3723,8
3214,0
6286,3
5105,4
6459,7
2168,3
5286,4
3461,0
2008,1
14,2
354,2
1875,1
994,6
1260,1
5674,7
6162,3
6816,6
3211,2
2839,9
2872,4
4018,7
1974,9
7108,1
1279,9
6844,3
5810,2
2234,3
4971,9
4203,9
1422,0
3155,6
1600,8
867,1
3632,4
4984,3
2796,7
5846,2
666,4
1036,8
4058,7
6337,0
3857,2
1684,6
1654,6
6062,2
7146,3
4336,5
181,0
5768,1
734,4
5615,8
5540,5
5722,4
2204,5
2766,1
1719,2
5276,3
2930,0
1998,8
2842,1
6203,6
2809,2
1140,4
1268,2
729,4
4198,8
1524,8
7167,3
5028,1
4975,7
1873,1
5977,9
1525,0
5098,5
3581,1
2939,4
2700,9
6216,3
5065,6
4527,4
974,8
5732,1
4501,7
1292,0
2879,0
5478,8
1414,8
6196,1
5789,6
1994,7
2509,7
1324,9
2262,3
840,4
5020,6
3040,0
7053,7
3475,2
3594,6
5778,3
4337,0
3326,8
2127,4
1824,8
1763,6
3086,2
3645,4
874,9
1021,3
4214,7
6145,6
2684,0
3602,8
5998,9
2854,2
4453,3
5665,5
4398,7
2938,7
2172,0
2752,7
1955,4
3801,9
4623,9
6880,7
395,8
2846,2
4317,2
1795,6
4366,6
2802,7
6655,8
2270,1
3308,2
32,7
6241,7
6889,2
5178,5
5044,9
2588,2
3622,5
1041,9
5337,2
2538,7
4443,2
2544,5
6646,7
7,0
3195,3
5933,3
889,7
5288,2
5113,8
6128,3
2011,4
3790,1
4353,4
6186,2
2561,7
1015,3
1696,7
5230,5
673,3
2558,6
195,9
2295,9
140,3
103,2
1240,7
3894,3
157,8
1067,3
4564,8
4067,4
132,5
2529,5
6431,1
1527,3
1346,4
6271,2
3127,8
7008,0
4012,8
6703,5
1293,3
5199,8
2833,3
1751,4
4879,3
3799,2
1065,1
1529,2
6531,0
3174,6
5043,2
102,9
136,7
5086,3
1341,3
1556,1
3953,2
1448,7
745,1
265,9
3967,8
6471,4
2055,8
769,2
1877,4
2259,6
600,9
1834,3
4431,2
4981,7
768,5
6884,7
3175,5
3322,3
6785,6
3895,9
7186,1
2337,8
4707,5
2345,7
2726,4
2739,3
3593,0
5981,4
3256,4
402,2
2536,1
6849,3
854,0
4551,7
2235,6
118,7
1679,7
708,3
6483,3
892,2
2115,8
6048,3
1402,7
5405,6
1802,9
3985,2
1544,1
482,7
4349,3
5009,1
5150,3
5821,3
3295,5
603,5
5614,3
5124,4
2489,9
507,5
6639,1
6083,3
4002,8
137,1
4509,2
4345,9
3300,5
3836,2
1370,9
1431,8
4425,7
5845,7
262,1
5669,2
2685,5
6717,7
2999,7
6894,9
4467,5
5323,9
5930,1
5327,8
5782,3
7164,2
1050,2
6778,9
6507,8
3833,2
6127,8
4792,0
5771,8
5496,6
5751,0
2465,1
5847,7
5214,0
2332,3
628,8
2197,5
38,0
2024,1
6169,1
1937,5
5336,0
774,5
2859,0
6647,9
3995,0
7094,8
5088,3
4893,2
4299,2
6023,0
167,7
2057,6
6199,9
588,4
821,1
551,5
1633,0
5923,6
3506,2
1465,0
461,7
4956,5
6806,4
4994,0
4211,8
2096,0
3876,7
1847,4
1035,9
5865,1
6402,9
5769,2
4034,5
3957,4
257,1
298,2
5493,7
6334,0
4806,8
6502,5
3255,9
4474,6
2703,4
1869,0
4784,7
3076,9
4252,0
2661,1
1580,6
1781,2
6272,1
3371,3
6557,7
2941,0
5528,3
4114,3
2655,2
158,0
3033,7
6473,0
6134,4
5586,4
6707,9
6099,5
6084,7
5470,4
1813,1
1090,2
5027,3
219,4
3579,3
5296,0
4554,4
4532,5
3394,0
4352,3
3182,8
90,4
380,9
1110,3
4261,6
1564,8
1378,2
293,1
1043,4
3824,9
4056,0
2276,8
5314,6
6933,8
7173,0
2643,8
1892,3
2359,3
1989,8
1380,4
5800,0
5130,9
6487,3
6146,8
3711,8
5914,8
2937,8
2254,2
2981,0
3030,4
2090,0
6621,2
2043,1
7130,8
2537,1
291,2
480,1
5916,9
3485,0
7060,8
5255,0
5297,6
5698,8
5990,6
2357,3
4581,1
2884,1
7020,6
2449,8
674,4
3347,0
1330,0
4860,3
1169,1
819,9
5263,1
5591,1
3242,4
2438,3
1505,4
7089,6
3680,5
2217,4
5445,5
923,1
649,5
3045,5
1984,5
896,9
5807,9
4369,6
5182,1
2264,9
4555,1
5261,7
22,9
3319,1
4295,8
5212,5
945,2
5158,5
6082,5
2525,3
4044,9
4151,2
1741,0
2440,9
4728,1
2361,5
4946,9
3296,3
3600,5
5967,3
6959,3
4070,5
392,5
366,6
6137,5
952,9
3116,8
2446,4
4406,8
65,4
4007,6
565,0
249,3
6304,0
2520,7
5299,0
4544,8
1162,7
6563,9
202,6
3329,5
504,8
3510,3
3784,1
7037,5
5885,7
1274,6
2198,3
3363,9
1188,1
3539,3
6116,8
2756,8
6818,9
2205,5
3980,5
3430,8
6588,3
127,3
6481,2
5068,1
290,7
6320,4
1022,0
767,9
5776,4
134,7
2817,6
3638,8
4693,3
4613,9
1597,3
1958,9
877,0
6229,7
3703,5
1706,8
1037,9
4677,5
3298,6
6097,3
5036,0
2838,9
3500,0
7163,5
6492,8
6444,9
4640,1
6168,6
80,8
4547,6
6569,3
5920,8
5895,5
6380,6
5797,7
7143,8
3839,0
276,7
2343,7
5011,3
2830,8
5794,8
786,9
4421,2
699,9
7062,6
3738,5
1223,8
5134,7
6248,1
4745,1
5628,4
807,4
3771,2
2021,6
4545,2
692,2
2843,2
271,8
5062,8
5908,8
2899,8
4675,2
1479,9
3362,7
4789,8
1312,5
6589,5
3544,1
6157,4
1342,6
7085,7
6926,1
4171,8
2098,9
2085,0
3133,3
5121,3
3683,7
4704,4
2677,7
3148,1
6054,5
4480,3
6042,3
493,5
7096,9
2355,9
1024,3
5205,8
1863,5
1561,3
5823,4
1404,4
1076,5
6308,7
2390,1
967,4
1327,1
21,3
6183,4
6875,7
6446,4
5524,8
6335,7
7172,3
2991,5
2188,7
2676,1
3269,7
7028,6
3454,9
5267,9
6583,1
4568,0
6432,7
6906,6
7107,5
3471,6
1004,4
5264,7
2118,2
6420,2
4897,6
163,1
3341,2
3136,6
4280,9
6820,2
7151,2
4671,4
4797,5
5253,3
5046,6
6976,6
5434,5
2045,7
5369,4
5699,8
3691,5
4957,4
2656,3
3689,1
6951,8
7013,7
5103,7
1590,9
2353,6
6578,3
6079,3
1229,7
414,6
106,3
1534,2
5319,6
4812,4
5155,2
3299,4
2841,4
2584,1
6230,1
1585,4
4909,9
3338,2
5446,7
1792,8
5222,4
1493,8
4865,7
4412,7
2575,8
1143,3
1208,0
2705,3
3721,6
2740,6
2257,3
6049,3
2017,6
1823,6
5157,9
1978,3
124,1
6052,7
1787,8
5413,8
4937,2
6955,3
2542,2
1991,4
4627,1
5321,3
3695,7
1221,5
1530,7
1345,7
329,7
622,8
6910,7
4490,4
1899,7
576,7
2944,7
6464,8
5596,7
4778,8
6673,0
5627,6
685,0
2430,4
5171,5
7052,4
3408,2
2064,3
5033,0
4570,9
7168,1
1151,6
2750,2
5850,4
3145,7
5954,9
2642,5
2491,7
950,3
60,6
4473,1
4515,4
1725,8
730,7
5802,1
5795,4
5867,2
2140,3
2232,2
538,6
2087,5
4175,5
2663,1
1128,7
5583,2
1236,4
434,0
3203,8
3077,7
7110,6
430,8
1443,8
3149,7
5049,2
6923,2
1736,0
4901,3
5287,9
4883,4
3987,0
1482,9
1614,4
3342,2
2146,8
6258,9
4109,6
6316,9
4239,6
1924,8
6541,6
5842,4
1745,5
263,2
2837,4
1910,2
5007,8
3917,6
5273,8
2426,0
1270,3
6274,4
4101,4
5344,5
602,9
3861,0
3741,9
2381,8
793,8
6810,6
5568,7
3115,9
4060,6
1299,9
6874,1
791,4
1226,6
6197,8
5165,2
3343,7
6375,2
1228,5
3426,1
6840,3
97,7
3028,8
5860,1
869,8
540,8
6732,2
1507,0
6829,3
1011,1
2805,7
1488,3
2283,1
779,6
720,9
1791,1
6966,8
2354,7
3766,6
6261,0
1195,8
4928,8
1246,6
2074,4
6708,5
1500,0
231,3
5707,4
252,1
6392,1
1867,8
5066,0
5257,6
2133,4
2885,7
5736,6
6388,5
4926,2
3399,6
1568,2
2265,5
1588,9
3109,3
4866,7
5988,5
5931,4
1183,6
5764,6
5744,1
1618,7
5449,0
6967,2
2349,3
2572,0
5428,7
1439,6
4020,3
4525,4
3908,0
4817,8
2291,3
726,5
5129,7
2239,9
1068,9
472,4
5890,0
184,1
2672,0
1956,0
1789,4
4949,9
1468,7
7018,8
227,6
3928,4
4872,0
2923,3
4052,7
497,9
4977,8
5047,0
2635,8
3577,6
6628,6
1637,3
166,5
4396,6
5590,0
6039,4
3407,1
4415,7
2574,7
235,0
280,8
2124,2
5538,6
3948,7
1205,0
3658,8
6136,2
2114,1
1395,6
6299,8
240,3
6355,4
6877,3
852,4
6648,0
4006,6
68,0
3357,8
3786,0
5861,8
3828,6
3418,3
5580,1
4275,3
4999,3
2781,7
5235,7
1948,7
4878,2
1042,0
3940,2
4035,4
4496,9
105,1
5997,7
3531,2
5972,2
4142,7
4616,3
916,0
363,9
5505,8
5110,3
485,6
117,9
1610,4
3768,5
2746,2
4602,3
4896,3
1592,4
7001,3
4656,4
7197,7
6725,9
2059,7
5935,3
5133,3
3225,0
6678,6
2993,0
3733,2
5757,4
4037,6
2323,1
5307,4
5359,1
6017,5
5601,2
3731,0
2318,2
7015,2
4195,3
6174,5
772,3
5721,4
1516,4
5291,0
1241,8
6925,4
4033,9
3522,7
4258,0
1072,2
4117,8
6246,0
3938,6
2528,0
516,1
990,7
6709,4
1412,3
113,2
2921,9
3525,7
3282,2
2657,5
278,4
3920,1
742,1
3397,9
1444,8
4941,7
5251,6
3889,6
1285,4
151,5
626,9
4325,0
5883,6
3450,6
6792,6
3613,1
593,6
6415,7
4510,1
2058,8
6862,4
5012,3
5980,3
1230,5
3424,7
3353,8
7064,3
4874,2
5115,7
5260,5
1881,9
4103,3
6022,9
6204,8
2342,2
1551,6
2785,0
7145,1
285,4
5610,1
4755,7
6622,6
3648,9
6597,8
2980,4
5677,2
2555,4
6085,2
1967,4
3098,3
2589,1
7195,5
3173,3
3590,0
3036,2
4430,7
4184,9
4112,8
196,3
6132,7
7124,2
1838,0
3494,4
1903,0
3813,6
2339,8
500,7
5904,2
6587,2
4995,9
2015,2
3717,7
2463,2
6609,8
2810,7
4678,6
3082,8
2028,7
2280,4
3463,3
2607,5
5516,4
5576,2
6548,2
2071,4
6426,6
3425,8
6758,5
5294,8
6556,4
6363,9
6306,9
4643,8
6924,4
2797,0
5617,9
5228,6
1971,8
6455,3
3751,8
3971,4
5882,9
3125,2
4828,9
5711,1
6882,8
4628,1
1317,6
5735,7
6265,7
3752,6
3693,9
3706,9
7024,6
1061,3
1397,1
979,6
3970,9
3529,8
5976,0
5839,2
6202,3
6281,6
1858,4
3446,0
2623,0
3517,9
2373,6
2395,8
6574,3
2576,7
3812,4
3177,6
451,8
683,8
1153,2
4652,0
5559,8
2957,0
2969,8
4871,7
5376,0
5572,0
3047,4
3546,5
3216,5
2389,4
7027,4
6605,8
2169,0
983,4
7155,4
1990,0
7082,3
3400,2
4591,2
3180,3
6068,5
2911,6
2294,5
5227,7
6142,0
5514,4
3359,5
2503,1
2646,3
6743,4
4701,2
4914,6
4468,2
6433,8
6939,7
2400,6
7042,2
2535,8
4518,7
3161,4
1258,2
6365,2
2649,3
2026,4
2313,2
1798,9
250,1
4380,2
4370,3
3070,6
100,1
4222,7
5973,3
5265,3
3498,8
3870,3
6995,5
3598,7
6456,0
6185,6
6081,2
452,4
4243,0
3286,1
303,6
30,1
1898,5
1775,4
2699,3
28,7
1058,3
3592,3
3339,3
5207,4
5455,6
2860,9
3423,6
6878,1
5979,8
8,3
1245,8
2366,1
6399,3
4714,6
2533,1
1224,3
4507,2
7128,6
5215,4
4661,6
2673,0
6549,0
2482,2
6394,4
5040,4
1833,6
2496,6
267,6
1547,9
4791,0
5270,8
7046,3
3477,8
2641,4
3436,3
5696,7
4626,4
2094,7
2696,9
5106,9
4548,5
4574,5
477,1
1462,7
2539,7
1943,3
4925,4
3998,8
5454,9
5678,9
6439,4
5342,7
1885,6
1518,9
245,2
6653,1
2305,0
1930,4
1827,1
4947,6
3563,3
4655,1
6206,0
1918,9
3003,5
6158,7
4754,5
857,6
322,5
3310,1
4702,9
4096,9
5690,2
6345,1
2874,2
3302,4
3486,2
4584,0
5223,7
4403,2
5266,1
2485,0
2895,0
6275,7
3921,2
638,5
4694,3
7012,5
1127,8
574,3
806,1
4569,1
2247,7
6891,6
5204,4
439,1
1872,4
872,9
1773,7
3618,6
583,6
5090,0
6072,9
1095,8
3655,7
3257,6
3730,7
6254,8
381,0
2399,1
4125,6
3700,7
5399,4
441,3
3794,7
4723,6
266,7
185,8
2036,9
5081,4
534,6
1963,3
4945,0
4407,0
7065,7
1282,2
4079,4
2668,9
6543,9
459,3
5911,0
3767,0
6450,4
1297,3
4028,4
4597,6
6835,9
3945,4
2850,4
2003,9
6572,4
7043,2
6401,1
2953,2
372,0
4320,8
969,7
2488,2
2258,2
4963,6
4301,1
4448,4
3392,6
5430,9
6400,7
4835,9
5561,7
928,9
6221,8
5697,8
399,8
5248,0
1681,7
6734,8
4465,6
4088,1
6198,3
5719,3
4253,6
1490,3
4293,3
6613,4
3071,4
644,8
995,3
6740,5
3913,3
6855,2
3268,9
5079,1
4907,9
4395,8
4851,4
3507,4
5546,8
385,9
1025,3
4168,3
4385,4
1132,4
1714,1
2919,1
7123,6
6919,8
1779,1
2947,7
1882,8
2193,3
592,1
6007,4
3032,8
5585,2
6904,9
577,9
998,0
3871,1
2473,6
2051,5
1777,6
2534,4
3192,6
5787,6
6666,9
2651,7
4074,1
5407,7
3215,3
370,4
5262,2
707,5
1253,4
938,6
5114,1
5702,0
4606,1
35,2
848,9
1815,2
5547,8
3447,3
4466,3
765,3
3832,6
4888,4
3834,6
4950,7
4188,1
2691,8
611,6
2066,8
175,2
316,7
5466,4
4322,8
1708,7
4885,4
6477,0
3212,6
4875,8
5799,3
208,7
3433,0
4457,8
4278,1
4228,0
4645,2
6665,7
411,0
4361,1
85,8
6996,6
3168,3
6689,6
7109,5
5630,4
6869,1
5078,8
2442,4
3334,3
684,8
6188,8
2101,9
4594,6
4206,7
131,0
2401,5
4486,4
5087,4
6513,4
5063,3
5021,1
3561,7
920,5
6651,8
1502,0
1772,4
66,4
941,2
5877,8
1456,6
2065,5
2402,1
3387,5
1192,9
4884,2
4557,4
6944,4
4303,0
5536,7
6144,7
5515,5
3748,5
6890,8
6236,1
2600,2
6696,1
2300,6
6114,7
3393,3
2303,0
4838,0
2559,4
6886,6
4920,2
3694,2
1307,4
82,0
2369,3
2543,1
7120,8
4055,5
2807,7
3501,4
5523,6
1052,7
2653,6
1214,7
1306,8
2166,3
4680,0
1150,3
1357,5
1786,4
3239,1
5067,7
3336,5
5575,9
1318,2
5501,0
6294,0
5714,8
4081,8
1383,7
1636,3
2314,2
232,8
5000,6
24,2
6259,5
4264,8
7073,9
1928,3
3674,5
7007,5
3565,7
5784,5
645,8
2890,1
2410,1
662,5
4089,9
5521,5
128,0
2377,3
368,9
3464,8
5833,3
3356,8
1982,9
4130,3
2126,7
4493,3
2424,9
820,9
3172,1
5653,4
4389,9
589,2
6195,9
5567,0
1575,3
5443,9
1055,4
3495,1
26,7
6154,3
1491,1
5166,2
6491,1
1650,8
4743,5
5034,3
4821,1
5655,3
2517,8
2506,5
1567,2
390,8
74,3
5221,2
342,2
2165,4
5835,2
1641,9
4795,3
3499,5
5598,9
6858,5
2799,4
3398,9
4757,2
3262,6
2852,2
1936,6
4479,4
3851,7
6001,3
3250,3
2132,0
3323,5
3922,3
2764,9
5390,4
4219,0
3819,4
2125,4
3223,0
7117,9
1501,7
6004,9
6319,4
3890,6
4703,7
2836,2
1112,2
3862,6
5360,9
2876,2
3898,2
3596,3
4271,4
174,6
391,9
4312,6
4254,9
1107,4
3026,1
3965,2
5396,9
2772,7
3227,4
6339,5
417,2
2922,4
5284,1
921,1
5283,3
1884,8
754,0
6637,3
763,6
4272,7
5741,6
1973,4
1543,7
6152,8
4647,2
2352,1
349,3
5333,5
5432,4
7187,3
569,8
7090,3
4539,7
873,4
2901,0
1723,1
1047,9
3968,7
204,2
2227,3
3792,6
2562,9
2097,9
1472,1
4383,7
3603,3
4140,7
4108,2
246,7
3523,8
1946,6
1012,9
1032,7
5479,3
764,9
5459,1
304,1
3959,0
4742,2
2483,8
1233,2
2350,8
3147,4
3707,2
78,3
2397,3
1038,6
3448,2
2592,9
5659,7
2865,0
5480,8
4534,4
5415,8
3355,7
696,0
3402,3
6671,8
1874,7
4360,8
1438,9
6759,0
223,7
3083,2
4213,8
6351,0
1717,9
1102,5
6269,1
3944,1
1473,8
1242,6
751,2
3986,4
2540,6
6026,7
5629,6
566,3
1658,4
6805,6
822,5
2788,7
1623,2
5851,9
310,0
6964,1
2741,2
5198,7
5941,6
3184,0
4029,0
1213,3
6148,8
2707,8
2692,6
4136,2
1902,5
1533,0
432,5
5557,7
1167,3
6896,4
4393,6
1598,6
5384,1
54,7
629,7
5726,6
3892,4
6457,6
3515,4
5841,6
6098,0
4315,0
5363,1
1423,7
6461,6
3219,7
1360,7
2268,6
1617,3
5053,8
3344,5
4834,7
6794,9
5097,3
101,3
5587,1
1817,7
2023,0
6767,7
6851,4
3404,9
6025,2
39,3
1627,3
6640,0
725,5
1399,5
632,5
3249,4
5573,8
906,0
5018,6
3051,3
164,5
449,8
5644,2
3224,0
4642,3
6065,8
5280,4
830,5
5490,7
3806,3
4916,0
4187,8
6313,1
6961,9
2624,8
1673,2
4972,1
1014,1
6273,7
3943,8
4439,8
2439,2
3079,3
3434,9
4000,8
5185,1
4365,6
4667,3
1433,1
4658,5
3004,5
3364,8
905,1
578,6
3069,5
6043,9
5829,5
1861,6
2317,4
2546,4
108,3
6755,4
3826,3
4827,7
4985,5
2460,5
1135,3
6133,4
780,8
6000,9
4494,7
1985,8
58,2
1432,7
396,7
4255,0
5057,5
1487,7
2413,6
4377,6
2985,3
1184,2
4392,0
5208,6
2320,2
885,2
4931,8
2083,5
5936,3
3859,4
5126,6
902,8
1363,9
2759,8
357,2
988,3
1926,1
1216,1
5815,3
2010,8
1785,3
4618,3
6462,6
1574,3
6790,0
4822,4
6525,9
6332,9
5758,2
5256,3
669,4
6566,1
1165,9
2871,9
1232,9
6381,3
292,3
4727,5
6565,1
5309,6
6842,7
4711,2
6069,4
4021,3
3866,0
3780,5
5602,4
6496,7
6616,8
6029,3
3729,3
1325,7
4207,8
1239,4
6754,9
4571,3
833,1
1639,6
866,3
4212,9
748,2
1121,9
6389,4
438,1
4270,7
850,4
6494,1
1612,9
4502,5
3789,8
5290,8
3611,5
6729,1
6945,4
6523,0
4227,3
5161,6
197,9
5578,9
5301,7
6093,2
5242,3
1373,8
3999,2
5725,5
1288,0
1200,8
1703,3
1537,3
4491,2
5766,9
3417,0
2364,9
2230,8
2767,0
2599,6
3007,9
5341,4
5996,6
1174,8
2551,7
1742,5
3568,1
7193,8
5785,4
1459,7
5237,4
2393,2
6290,9
637,9
2242,4
542,6
61,7
4442,6
5197,3
4003,1
6826,9
2949,6
1379,7
5495,7
3855,9
6972,1
1393,8
177,9
2784,8
2848,2
1753,0
2458,2
4751,3
654,1
7072,2
1550,3
3660,8
1466,8
7182,8
5562,4
353,0
6119,3
6078,1
4104,3
3048,2
5909,1
3196,2
5417,5
3154,6
1705,7
2112,2
6711,2
5085,0
2682,5
3489,1
7194,1
318,8
3345,7
5983,4
1987,4
7009,9
653,1
5724,9
7129,8
1603,7
4138,6
1079,0
4197,1
631,0
2455,4
7157,8
2346,2
6606,4
5293,7
1652,6
7166,7
3358,4
4362,7
6863,4
1594,0
2229,2
4054,2
1852,0
2894,4
1009,5
5292,6
1160,3
4189,7
5102,6
1374,0
3614,0
5918,5
5666,7
5727,9
6554,5
6730,5
1492,5
1947,7
2907,2
5146,1
3879,8
3204,4
5950,3
1336,3
2212,6
3332,7
4379,5
3465,0
634,5
2297,0
3488,5
6147,2
1298,6
4344,8
1096,4
5830,2
421,7
4942,9
2431,9
1044,4
5928,7
4262,8
1130,0
4204,1
3385,1
5229,7
6112,1
1709,6
33,4
6094,9
3414,8
3055,8
3524,5
676,8
922,6
4887,1
6969,6
740,9
6344,7
1851,7
3667,1
6681,4
296,1
1895,6
1683,9
5381,6
6952,2
2812,3
2925,5
2504,4
1016,8
3722,3
241,8
6279,7
4471,8
5648,3
3158,4
2820,6
5358,7
4251,0
6113,2
5022,9
6520,5
2054,3
903,8
2721,1
5952,0
1572,8
4808,9
1284,4
2717,4
4143,4
4173,4
3340,3
6687,0
5414,4
5093,7
1178,2
5812,8
7039,9
3787,2
3131,8
1878,3
5675,8
1155,9
2301,2
2851,7
541,1
5025,1
3685,7
1508,5
6247,9
1489,1
7105,1
6747,9
6819,0
4869,8
1510,7
4368,9
2617,9
1769,3
705,1
5084,4
496,4
302,8
1890,2
4274,3
1251,4
427,1
1782,8
6737,7
5149,7
4948,2
5117,3
4563,4
6384,7
4354,5
660,5
6397,1
5141,0
3043,4
5856,3
4135,8
5382,0
6766,6
5391,4
1099,0
5326,4
4736,4
525,6
1396,2
3352,6
5167,4
2153,1
3736,6
6139,5
3016,3
1667,2
3753,7
7104,8
4083,2
3763,6
1939,9
7153,3
462,3
2779,2
5775,3
2331,7
1553,0
1100,7
3910,2
4541,5
2694,4
6832,7
4487,9
4833,7
4165,9
3624,4
5957,4
912,5
2464,2
4043,8
5819,1
5206,5
743,0
193,0
5353,2
4399,8
6927,3
3933,6
1175,3
630,0
6623,7
2336,6
1089,2
4148,3
1911,8
1424,6
3903,0
3599,3
5031,1
1060,7
4014,4
924,7
4215,6
2253,0
6900,3
823,0
3254,7
418,3
6893,3
1957,3
781,8
4818,7
4709,0
897,7
1969,8
3502,7
6534,3
4787,6
2222,1
4072,2
4700,5
6266,3
4915,8
2150,6
44,9
3606,2
6201,1
2950,9
1615,3
6170,5
1303,8
1552,7
5522,4
4769,1
4673,8
5491,3
1074,1
5180,8
6619,2
2013,7
2569,0
1520,0
1739,2
3267,7
6971,9
4445,9
2156,2
1249,9
2913,7
703,8
6252,4
4531,8
5308,2
6866,0
7140,0
615,4
367,6
1148,7
6690,6
2224,9
4561,1
3756,4
13,7
6977,0
6669,4
6701,6
6528,7
3029,5
4553,1
2128,3
4961,9
7068,7
6476,6
6209,3
933,3
1888,8
1855,7
5589,1
5100,9
2184,7
5371,0
5041,6
7069,9
7086,6
4220,6
5910,9
6899,0
2163,1
1359,5
3526,2
3569,1
5351,4
6504,8
2326,9
433,3
6625,6
7063,6
2776,8
5584,8
4141,8
1583,8
5884,8
5900,1
4145,0
3595,0
3634,4
2456,9
6027,7
3557,2
7025,4
1897,3
3990,9
2942,8
2886,1
1114,2
4511,6
6484,0
3566,9
5504,1
3528,4
2989,1
4768,4
40,8
3365,6
6821,1
2601,1
5553,8
4263,3
5281,5
3575,9
1328,9
2604,1
981,5
535,7
4748,4
1334,1
4420,0
5960,8
4098,4
1767,3
1770,0
350,3
3366,3
1909,0
3097,6
1563,3
5077,4
2207,6
224,6
6674,2
5781,6
10,6
6913,3
6212,3
4005,2
2968,3
7190,9
2372,1
5984,2
5190,4
633,7
6529,8
5320,3
6288,8
6936,2
639,1
1820,8
3804,0
6799,7
2243,3
192,1
4217,7
3605,6
1034,2
2289,2
5607,1
4669,8
2480,7
6692,3
7051,2
7141,9
1730,9
7184,2
2138,3
5069,3
92,0
987,4
7122,5
1914,6
3042,7
3089,3
210,5
3520,8
862,1
1464,4
617,7
4397,6
2486,0
225,8
1640,6
3688,4
3527,0
2658,1
3244,5
4962,9
2324,7
5548,3
6460,7
4635,6
835,7
2763,8
3586,6
5822,2
966,3
2451,8
6595,4
4464,1
2282,7
5737,1
2502,2
4829,8
1105,8
6416,1
518,1
6451,3
6276,7
309,0
993,3
688,5
5463,7
4452,7
762,9
3571,8
5073,3
3123,4
1427,5
3629,4
1054,0
783,2
313,9
4094,7
3309,1
2760,3
642,0
2067,0
5174,4
4045,0
1406,4
4404,8
377,3
3248,3
3053,9
4989,2
4224,6
2143,7
3914,7
2194,1
3305,8
1086,4
4246,3
4659,9
5609,5
6982,0
6592,4
558,5
4786,9
800,6
2215,3
382,8
5397,3
3157,0
2914,9
2866,7
3121,3
6652,4
3410,4
1793,7
2341,8
992,6
656,2
2315,9
4287,4
6618,3
6722,7
6537,2
1771,0
3601,1
2322,2
6150,9
6291,9
1322,3
3783,2
6300,8
5239,7
1685,3
1605,7
4346,3
7125,4
775,8
2060,2
6021,4
4279,7
3480,2
1868,1
2530,3
6846,7
2277,8
4446,8
72,9
6470,8
162,3
476,2
2481,9
5755,0
6720,1
828,3
3816,4
4929,7
4488,4
4152,7
710,4
901,0
4684,8
6317,2
3333,2
179,9
5209,2
3113,9
3924,3
148,0
2523,8
894,2
2005,0
7022,8
2510,9
5383,9
176,9
1747,9
3259,4
2664,3
6349,6
2639,4
6376,2
283,6
4160,3
6947,2
6649,6
3027,6
1975,7
6837,3
2325,8
3019,2
1643,4
260,6
2966,2
3791,2
1059,8
3765,2
4357,9
6970,8
2272,7
4388,9
4183,7
126,2
2581,4
6480,4
2386,2
5468,4
453,1
2697,3
5328,7
5014,4
3104,2
6115,2
3530,1
3754,8
3781,1
2472,7
4190,7
3111,0
7175,2
180,9
4483,9
6694,2
6466,1
6211,2
1642,6
714,8
1545,9
664,5
94,6
415,9
448,2
4734,8
5836,3
6739,2
2962,3
3428,7
2154,3
4505,7
3427,3
5994,5
1164,4
1392,2
3640,6
3260,2
5137,7
5817,4
6511,0
4375,7
5633,4
1837,6
6515,6
6111,4
6398,5
1179,2
2819,7
425,3
4226,6
918,2
2427,7
953,7
976,8
403,2
5899,2
801,5
3619,8
6497,4
512,9
2274,3
4116,5
1452,8
6963,3
4632,9
7079,8
2443,4
5592,4
1528,6
2775,0
4810,1
6937,4
1010,6
3021,8
1735,1
4124,4
2514,7
4610,5
3068,5
4350,4
6582,0
4758,1
337,0
3550,4
553,4
750,8
4991,2
5386,5
1625,4
4576,0
6342,7
4771,4
6539,2
4782,9
226,7
3764,3
7021,2
3578,9
3313,3
3556,3
914,3
4706,4
2611,9
3419,4
4536,4
4286,9
5692,6
2250,7
2552,8
4343,4
4535,1
4105,4
6361,4
7148,8
1845,9
463,4
394,4
84,1
1340,3
1351,6
173,9
3662,2
6664,8
2016,6
490,6
1860,9
5272,4
1582,7
1713,2
2255,2
5451,9
1265,4
519,7
515,2
6602,3
623,2
4093,1
6126,7
796,1
1235,8
3972,6
4259,3
346,1
4892,3
187,0
2645,7
2801,8
6425,9
6263,3
2594,8
2409,4
4905,0
3509,8
3178,3
5340,0
413,4
1007,0
1426,9
1071,0
3652,9
6149,9
6434,3
5889,1
4644,9
6634,5
5612,9
5095,4
4363,2
3737,1
2580,6
4199,2
4492,3
6005,3
6748,4
5005,5
6615,4
5462,3
4739,9
1133,5
4011,7
2862,4
3143,6
3369,6
1000,8
6309,1
3381,5
3452,2
1870,0
4232,1
4880,3
2996,8
2674,2
6774,5
6645,2
6478,7
2722,6
36,2
661,6
522,4
890,7
4598,2
1676,3
2269,9
2245,7
5232,3
5244,1
6941,2
4210,2
1691,4
5642,4
590,9
5878,6
855,6
1908,9
646,6
1119,3
4699,3
4927,4
62,7
2088,4
2986,0
3740,6
4429,5
1212,9
2471,7
4780,0
6046,9
6547,0
1953,5
6141,7
3273,3
2915,4
1207,2
3540,2
6672,0
6488,2
4338,2
5216,1
3460,8
3459,1
386,7
926,2
771,8
3796,9
6974,1
6340,3
422,4
5370,2
3144,6
5715,1
2882,3
6038,9
733,3
4159,8
2474,1
1848,6
2965,3
3373,3
3124,4
5435,1
2521,3
3015,0
6601,7
3777,2
1826,5
5231,4
4840,7
1648,3
784,6
5597,5
2987,8
5254,4
985,0
6238,4
2356,2
5520,8
4586,0
5637,2
3035,3
6479,9
2279,7
2459,2
694,7
3848,6
2111,4
1481,8
6327,8
3230,7
6367,6
3198,3
5924,8
6013,8
5743,0
758,7
2593,2
552,6
3304,7
442,7
5030,5
6297,5
5347,9
1587,8
5888,7
5213,8
5148,2
7132,6
2847,6
6414,4
3075,9
3743,6
1063,9
2609,7
6493,8
6545,9
595,3
2715,3
6946,3
1506,1
3422,8
1147,2
3543,2
1836,8
549,6
1419,1
5444,7
2669,7
3992,5
1006,8
965,2
6593,9
3493,3
2216,5
2832,9
59,5
5706,5
4181,4
3785,0
5818,6
958,7
3453,4
6802,2
1849,9
4319,7
2469,9
5006,8
2688,8
5393,6
4202,4
2266,9
1950,0
1661,3
956,4
443,7
6035,3
6033,7
261,4
1084,1
3139,3
6721,2
718,3
6030,4
533,8
2418,2
3199,0
3279,4
2029,5
1796,9
4086,6
6871,6
3954,2
5526,5
5241,7
6752,6
4765,5
6138,3
1554,4
6830,5
6104,7
435,3
4059,9
700,3
2296,8
3170,7
2961,1
4167,9
2380,4
172,1
1629,7
7002,6
3405,7
4967,6
5164,2
4731,2
6659,0
5409,4
6965,4
2768,9
1622,9
4115,7
723,3
7019,8
2139,3
7150,2
7169,4
4508,9
5749,7
5932,9
1428,2
4047,5
959,8
521,4
4605,1
7099,9
961,4
4824,2
7054,5
6253,7
3368,4
3292,0
4936,6
420,2
2408,4
1689,2
6859,1
2182,6
2955,8
6999,4
608,8
2829,8
5377,9
6283,9
6467,0
3442,2
199,3
5949,3
881,7
3844,1
2121,9
4798,5
5588,6
5420,4
3437,6
4061,7
5893,8
3609,4
7192,6
5774,7
486,6
6918,8
4470,3
841,6
2762,4
4291,8
6728,1
6243,3
2798,3
5571,3
1429,6
4433,7
4543,4
612,7
2228,0
3518,5
5657,2
1485,8
2002,7
3534,1
3207,4
2186,0
836,6
6661,3
839,3
5473,3
4722,2
1480,2
3235,8
23,3
4858,3
4324,2
6705,8
3458,9
1602,6
6343,6
4718,5
3649,0
3481,3
2189,8
3976,7
3715,4
4410,9
797,2
4172,4
2273,4
7003,6
6629,0
6986,2
3391,6
2813,6
3190,7
4814,8
2211,5
6002,7
7144,0
1616,2
5792,7
1286,6
2263,6
4359,5
6735,6
2858,3
2080,7
1308,6
4933,9
4176,2
650,6
6089,1
4444,5
6809,8
4090,0
1783,2
3846,9
3788,3
7075,0
6852,0
5243,6
6067,5
6468,1
5858,5
1053,7
1238,6
7135,3
1314,7
4231,3
6359,3
5961,9
201,5
3911,5
4970,1
2945,6
2695,3
6260,7
4724,4
7033,1
3151,3
5406,2
1504,7
3505,7
5189,4
6075,6
2490,6
778,1
5368,5
946,9
2344,3
2185,8
487,3
138,9
2644,7
2466,3
7091,3
6053,3
6143,4
5002,4
5660,0
5362,2
4267,5
6219,1
6328,8
1064,1
1929,1
4016,8
6942,4
6718,5
494,3
3997,9
2201,5
508,4
1092,8
6532,1
6584,8
4268,9
6928,9
7181,2
1403,2
7142,6
6989,0
5210,6
6448,2
3159,7
5147,8
6943,7
5338,4
154,1
2383,8
4559,8
1517,5
557,2
1277,5
6644,0
3512,7
636,4
6070,4
4249,8
3023,6
6850,7
2675,8
4085,3
847,2
5456,3
4127,2
1177,7
3686,8
1310,7
5681,7
107,5
53,2
6641,6
1916,7
3666,4
6897,2
2014,5
1900,4
2220,2
1217,2
2963,5
5550,7
5623,5
581,6
2441,4
4157,0
1475,1
3749,7
2605,3
6576,0
6956,3
5544,4
6326,0
1331,7
6804,4
6586,0
5814,0
2564,4
937,4
4463,4
1606,8
317,2
4767,4
3231,2
4903,8
1252,8
20,2
4156,3
247,4
5518,7
3160,2
1844,8
2626,4
2567,2
4672,1
4733,7
2587,5
6179,1
6352,3
6643,2
5425,2
6307,4
259,4
264,5
6012,9
799,1
2376,2
3533,1
5940,3
1604,0
383,2
6208,2
6867,1
2454,5
2790,1
4596,3
6210,3
2896,9
1368,8
4867,8
2964,3
4339,7
2461,0
4634,8
178,1
1856,2
3017,3
209,8
3232,3
6632,0
1146,1
2898,4
416,7
2598,4
7115,0
1248,3
3297,6
524,0
5951,9
3519,7
5953,5
2218,6
3735,6
1932,2
213,8
323,8
5946,8
3628,9
5335,8
217,9
856,4
6100,3
2586,2
1757,7
6853,8
6599,0
2591,2
6341,6
3008,4
1278,6
2099,3
6233,6
3474,6
790,7
79,8
2033,3
4292,0
4113,3
2293,3
5647,7
3554,7
6839,8
344,5
3881,4
6181,3
1840,7
1674,4
6430,8
1727,4
3088,0
5271,9
5672,6
169,0
514,2
4788,1
6611,3
1687,2
2568,6
1621,4
2565,4
268,8
5324,5
6691,9
5638,7
2679,8
2596,7
6257,6
1744,1
3612,0
5250,3
6358,0
3074,3
6060,9
7067,6
2916,0
4973,1
1938,3
6591,1
3054,3
5891,6
1101,8
6374,6
607,3
6780,3
3778,3
6985,3
6580,1
2973,3
1548,6
3744,2
2498,3
3444,1
2107,4
4282,4
5527,3
1804,1
6160,3
3179,6
3642,8
2278,7
6213,1
3150,2
1097,7
5513,4
6009,6
5619,4
4196,7
5759,6
3024,0
4600,8
6350,7
6338,8
6090,3
5410,4
4638,4
4666,2
6129,5
1227,8
5387,2
149,0
7004,9
1171,7
5808,9
5234,7
1541,4
682,8
6406,8
3103,3
2288,3
19,6
3011,8
1144,9
7092,8
4800,9
624,8
2995,6
7032,2
6697,0
6902,2
1934,7
4853,2
2508,7
6962,9
802,1
2416,0
3697,7
4402,9
1382,2
2038,7
5361,4
3429,1
2363,8
6506,0
142,7
4373,3
4302,7
3206,3
605,2
597,1
2181,5
6396,4
5855,8
6786,0
5295,3
5316,1
423,3
5472,7
4934,9
4330,4
478,9
4041,3
4475,4
4542,7
2727,0
6295,5
6650,0
7170,4
3897,7
1766,8
5945,6
273,9
1794,5
2237,0
408,9
738,8
6411,6
6736,0
5016,3
1410,2
3072,2
2453,1
5355,7
5488,9
4648,1
6814,9
4119,7
5042,8
3468,8
5852,1
3388,3
384,7
5500,0
3473,7
5123,9
3020,4
6357,5
1595,6
1707,7
2778,7
4979,7
591,3
598,1
2034,6
7161,8
5874,8
1446,9
2711,9
6797,3
2308,8
6421,4
3983,8
5168,5
3559,3
1806,4
3264,5
3511,7
6948,7
2566,2
4506,4
2009,8
133,7
6329,3
6617,3
57,4
7119,8
2742,9
1996,9
4036,7
5448,3
2103,0
4294,2
3551,8
1857,6
376,9
4857,0
7047,5
1372,7
6992,4
2210,8
2946,4
4498,1
5837,3
2780,3
7041,2
1983,6
5224,7
454,1
3327,7
2622,7
2049,9
5354,2
294,9
1569,5
1017,0
6796,7
6373,2
4449,4
2117,0
1923,0
6058,7
4438,8
498,9
6382,1
5017,3
3588,5
4720,4
5509,3
4698,9
2406,2
4334,0
2602,3
3900,7
1966,7
6413,9
5437,7
704,4
749,9
5240,2
6994,0
1608,4
5870,1
1686,3
5545,1
879,9
6642,9
3978,5
6051,9
2693,2
5181,3
305,3
1290,7
3001,9
1797,0
2954,8
4639,4
4646,7
6378,0
5108,3
842,8
4084,9
6812,8
917,6
3960,8
4577,9
2434,3
3724,4
2638,8
1026,4
374,3
5854,4
1931,2
6296,7
6675,4
6008,7
3793,5
1231,7
5356,7
613,2
4284,1
6441,9
1690,5
228,2
5906,9
6684,7
4230,4
6465,8
3651,1
364,2
5483,7
4091,9
5813,6
2493,0
5101,5
6656,7
2515,7
3727,9
6194,2
121,7
1799,3
5786,0
1822,8
3705,6
3270,3
328,0
5982,3
561,2
2044,7
1234,4
5694,7
314,3
1435,2
936,0
3470,1
3101,4
6237,6
2983,3
2241,4
4974,9
3653,1
5070,1
1593,1
3932,0
2917,7
2040,5
4579,1
1729,7
1731,9
171,4
4599,2
4776,1
6585,7
5060,2
2497,6
3630,2
6983,0
5502,4
4381,8
3757,2
6731,0
1499,9
3845,8
4668,2
4316,5
3716,0
3574,8
4664,6
5788,4
4276,4
2411,6
2926,1
3137,5
599,1
4804,8
6940,6
4073,7
6991,7
2113,5
5712,1
331,3
4154,7
2244,2
556,8
4779,0
3487,8
1698,8
3875,7
1536,6
2718,3
2904,8
5695,3
3321,1
4111,4
4781,3
6776,3
675,2
5075,6
3061,9
335,8
3085,1
146,4
6037,8
513,6
1921,7
1269,4
4225,8
4150,7
2704,3
2958,9
4118,3
4307,9
4469,8
1486,2
2032,6
5668,3
4649,2
573,6
1453,0
6495,7
55,1
5402,8
3406,1
6745,1
4976,7
5442,8
555,0
406,4
6474,4
308,9
4223,8
5092,7
3093,9
6107,0
4603,0
3657,4
5621,2
1309,2
5773,3
159,4
871,6
489,8
1263,7
4982,7
3416,4
2,0
5989,0
5039,8
1800,5
1635,8
4311,9
2758,2
5670,0
6122,6
6284,3
6087,3
110,5
5278,3
7006,7
6177,1
3226,1
6106,4
474,6
7106,2
455,0
1498,7
1218,9
3472,4
4590,4
6086,8
1271,4
129,5
5673,3
1349,9
5024,1
5925,9
1474,3
1080,0
3492,7
5663,8
2550,9
6418,1
1129,1
962,4
5303,0
546,9
4048,9
798,8
5631,6
3800,4
2822,9
6436,8
735,6
3046,4
4296,9
6125,0
5943,9
4855,4
2616,1
544,3
3090,0
2004,0
5762,0
6178,9
6568,8
4877,2
4046,8
5219,5
3052,4
3350,5
2135,7
3607,2
2720,3
880,5
532,4
5955,3
4516,7
3107,1
4257,3
2773,9
1678,6
3504,1
2861,4
4008,0
242,8
5897,7
752,6
4001,3
5013,3
4790,8
5921,3
6032,2
1123,3
5611,8
2614,9
3837,5
1313,9
1255,0
4068,4
6428,1
2928,8
5422,8
6777,3
4290,6
957,1
109,4
1663,9
4960,1
809,7
982,2
5249,3
4216,1
7040,9
6540,0
6310,3
464,2
2095,8
491,9
5004,6
5881,3
4024,7
616,3
2387,2
6553,4
2976,9
2608,4
6577,1
5574,6
1645,4
5898,3
6280,5
7118,4
2155,9
6061,4
3936,2
6287,6
2648,8
907,7
627,0
3496,9
2823,7
5752,2
4413,3
3835,6
2737,8
984,8
505,4
5348,2
678,0
3401,9
1445,5
3233,4
3567,5
6505,5
5440,4
6997,2
3802,8
211,6
3261,4
1539,3
3803,8
4900,2
2445,6
1571,2
4710,3
2906,3
5145,1
5163,0
2492,4
2662,9
6744,4
6383,9
739,6
4735,3
1066,8
5866,7
6018,8
1720,7
1812,4
5683,3
144,7
7101,4
3949,3
6510,1
4201,7
4049,6
6798,3
4850,4
2084,4
358,2
345,0
5477,3
4347,1
3537,2
2863,8
4636,1
2511,2
4208,8
601,7
7116,7
4939,4
3797,1
365,1
6604,7
1407,4
312,0
5116,0
5635,2
3827,9
1261,7
4030,8
4131,2
5424,3
4177,8
5770,6
428,4
3853,8
1952,2
5313,0
1409,0
1715,6
3380,9
5156,0
3513,9
4917,4
473,3
2940,9
6305,1
6285,3
1180,9
5492,4
282,8
4390,6
3818,0
3351,7
6915,4
7071,7
913,1
2131,6
1925,2
7174,7
7199,8
2271,1
1977,7
371,9
324,3
2086,3
4685,4
2147,2
1854,7
1027,3
5651,0
4691,8
2733,0
1040,7
3633,3
3558,2
1198,9
5279,8
6514,2
2755,9
1655,2
352,2
1573,9
5643,3
4805,6
4435,7
484,0
3811,6
25,5
3896,9
744,6
526,3
805,9
4737,9
5905,2
4497,2
6256,7
3276,6
4182,1
3553,8
2429,6
3669,6
481,7
2419,3
3868,7
1161,5
5767,7
4504,0
5144,0
5392,3
2487,8
4026,4
1256,2
4612,3
2821,3
1276,7
1398,0
5708,4
3955,3
579,9
4799,4
3702,1
1257,0
450,4
2620,7
875,1
686,0
4777,0
1609,3
2834,9
234,2
2477,2
207,2
1893,9
1421,7
215,4
186,7
116,0
1555,5
5052,6
2290,5
6550,4
4621,2
3066,7
2972,8
3610,9
336,3
2631,4
4695,1
1388,1
677,4
1596,5
12,2
3877,3
3280,9
2625,6
1386,9
4244,1
2883,1
4712,9
6791,6
1141,7
75,5
2042,1
6530,6
5679,3
3829,7
4578,2
6713,9
6695,8
2516,4
3049,9
6092,6
6726,9
6929,1
1732,9
3122,7
212,7
1115,9
6193,5
4042,6
3521,7
3701,1
1348,3
4614,2
803,5
2735,5
3909,9
6167,6
1094,0
1532,0
6773,0
1111,6
2903,3
6390,5
3555,3
788,9
1267,0
5828,2
3676,4
5058,3
6934,8
6775,7
3253,9
343,4
6670,2
4146,2
1951,6
189,8
4843,2
2671,8
2744,4
5026,2
4809,5
6019,4
4993,8
2736,9
7076,0
954,2
89,1
4455,7
7059,7
3891,2
2787,8
975,8
5482,4
6903,7
4746,7
7026,5
3675,1
1819,7
6040,4
1961,2
3320,2
456,9
7111,0
3773,0
4417,1
844,2
5616,1
5423,3
5192,5
1515,9
1511,5
6738,3
652,9
2869,7
69,4
319,8
6741,8
4826,9
3290,7
5188,6
1716,6
2231,0
4876,1
829,7
5966,8
7035,7
1172,0
2927,0
1163,1
2513,9
7074,7
584,9
4552,7
4386,4
1866,7
5104,4
6567,3
5220,3
1352,1
1449,5
2479,9
1577,8
3775,8
2935,1
5471,5
5203,9
3564,1
7100,1
3246,4
1005,0
2190,3
6166,1
3185,3
6527,6
2789,8
6536,6
1152,0
6011,7
6668,3
570,5
1514,2
3690,6
1364,6
5436,5
1904,6
6561,8
3982,7
6435,2
5484,3
6333,9
1028,4
3476,2
6498,2
3663,9
6024,8
3169,2
5747,5
1846,5
5873,9
6391,3
3287,2
4472,2
1023,6
4854,4
4513,1
804,7
2931,5
4774,3
777,8
1750,5
5460,2
5687,4
6710,6
1289,4
2020,2
5379,1
7178,1
6223,0
6242,2
1081,8
6683,2
6789,2
6861,4
2844,9
5862,2
3010,0
4310,7
4066,4
6235,8
3258,0
1853,1
3825,4
6482,7
980,8
95,4
4558,1
6756,8
3483,0
424,7
4904,8
2329,9
2870,5
3576,2
6240,4
1283,3
5201,3
3672,7
1287,7
1935,1
4873,2
6763,3
658,7
2849,7
2292,1
6782,4
5475,0
5072,4
5886,7
6847,8
1651,6
465,5
5746,4
931,7
523,4
1159,4
6784,4
6905,0
3390,2
4241,0
4458,1
6917,6
610,7
1589,5
7011,8
562,4
4057,7
503,1
1688,8
288,6
6677,4
4906,9
2039,3
1125,6
4845,6
6443,4
1199,2
939,9
6074,1
4637,0
3665,3
2719,5
4585,1
3202,5
3951,2
6596,8
2583,2
5153,3
1780,3
6486,4
4674,1
1001,1
991,0
1733,2
4289,7
2050,7
3639,7
3234,8
2367,6
412,7
3210,7
2979,2
6957,3
4193,9
732,7
1519,0
5934,1
787,9
6120,9
6724,7
2223,2
6429,0
563,3
3360,1
1677,9
3950,1
2407,4
3058,7
2933,4
3013,2
6817,2
1305,7
1778,8
3659,5
3067,3
5832,2
5225,4
2106,2
334,1
4422,9
5849,6
5037,2
1156,4
475,9
1915,5
665,1
220,2
1992,1
3037,8
2824,7
6003,8
4144,0
2171,7
4696,3
4221,4
6403,3
2793,8
1457,1
1376,9
1073,9
3165,0
5608,7
690,8
5010,8
6733,8
325,0
1030,5
2978,4
2012,4
5871,1
467,0
2629,0
4013,2
5019,4
2680,3
71,3
1166,2
6110,2
4358,4
4657,8
712,8
2873,9
4932,4
2213,4
6712,5
560,8
5469,1
5275,4
3696,0
444,0
2105,3
1805,3
253,3
2053,9
5080,2
1082,3
3222,6
724,6
7098,8
3403,8
5176,1
5650,3
5853,3
4499,9
3328,8
1275,1
4575,7
5388,8
5566,9
307,9
251,6
3838,5
2531,1
6845,1
1118,1
1266,5
2998,3
4753,9
4178,0
6594,3
6073,3
5096,3
1291,2
1020,5
6499,3
6822,1
7162,1
2417,3
4611,9
3,7
3887,3
5322,8
1666,2
320,7
2892,9
4027,6
6801,4
3647,3
3218,4
1672,7
6364,4
4017,8
5128,3
2178,6
5127,8
4250,9
4128,8
3314,1
340,5
1415,3
3293,9
4233,6
3132,4
6771,5
6076,9
1711,5
594,8
407,2
6872,1
3220,3
3626,8
4484,7
4461,8
5310,3
3725,0
5717,3
147,1
6688,6
5959,7
1343,6
4601,5
908,8
3931,4
2729,4
4750,9
846,9
3491,9
1247,3
3114,9
3679,3
2732,9
4288,6
5971,4
2840,2
5806,5
1531,0
963,7
7198,0
6190,3
1933,7
5654,9
2712,4
6095,2
3503,3
647,2
2068,4
5032,1
864,2
716,7
4716,8
5765,9
6781,8
5831,8
4050,0
4911,8
2379,3
1471,4
2450,0
567,3
6244,6
2436,3
2122,8
205,8
3608,2
4604,9
4335,8
2792,1
7149,9
5,1
5626,3
1628,9
1591,3
3912,0
6010,3
6590,0
1631,3
6220,8
3462,1
1818,5
3977,7
5901,8
2035,4
6598,5
3129,2
3935,7
6314,4
5705,3
3152,0
5533,3
1362,7
2522,9
7147,5
83,3
1045,8
5202,0
4022,4
697,7
2814,7
5937,8
2144,7
6239,3
4205,4
1970,0
3208,0
3893,8
4384,1
6719,4
4306,3
3379,8
3141,8
7180,7
152,1
5645,6
1375,8
2518,6
2547,9
2286,5
3863,7
5857,6
4304,6
715,6
1463,9
2818,1
3779,4
6760,3
564,3
1075,2
1657,5
2910,6
2093,6
3245,1
5537,9
3687,6
431,1
7171,9
1220,4
2052,2
2299,5
4009,3
2116,4
7030,9
4641,3
4235,8
6057,3
4689,0
5779,8
1646,7
6369,2
4387,2
2307,4
6788,2
2627,4
306,9
2582,8
899,2
6041,8
4921,6
2959,1
98,0
721,4
7058,0
7139,8
5622,8
1377,9
4682,2
6289,5
2398,2
1542,8
104,7
3710,0
667,9
5868,7
6437,8
6555,8
1497,1
2368,8
727,1
585,1
6864,7
7010,7
5071,8
1828,7
4123,8
5380,5
3271,5
5054,7
996,7
4560,2
6909,9
2808,6
3251,3
3163,8
2630,3
5372,4
5728,0
972,5
1755,7
4918,4
5170,6
388,8
2816,2
4447,1
4126,0
150,1
6407,9
5606,6
3810,2
4719,6
3164,5
5089,3
2505,8
6715,7
2683,8
3782,0
5191,9
2358,8
2997,6
6836,1
4630,0
5577,8
2867,8
1222,3
4087,3
2665,7
4432,8
88,2
6140,4
3384,7
4174,6
5107,2
426,9
5564,8
31,2
4530,3
6292,3
73,9
1901,6
3849,9
6716,7
760,9
5859,3
7191,7
3370,0
1887,4
2501,7
2753,9
1831,8
2077,9
64,6
270,3
2974,8
295,7
7044,9
4032,9
3919,3
5035,8
2920,6
5433,3
6063,4
3770,9
183,4
4608,6
4298,2
5975,9
4729,0
2618,0
5259,3
4624,1
509,7
6056,9
709,7
1619,2
182,1
2076,3
2777,2
6517,9
1193,5
717,1
4329,9
1743,3
4437,4
5686,7
728,0
1748,0
6811,7
2334,2
6921,7
7154,4
5964,4
4137,2
1425,4
1496,6
4831,7
2956,1
942,4
5560,4
4954,9
5558,0
447,7
6442,5
808,2
6318,2
2701,4
4846,0
3774,5
3984,7
4697,8
3484,4
5401,3
4419,3
5688,2
2448,6
2176,4
5723,3
5738,2
1394,7
221,2
2151,8
3762,2
7127,1
3065,6
190,9
3482,3
1018,8
410,7
2328,7
2738,2
5844,0
332,2
4520,8
3022,0
1085,8
6911,8
5457,4
397,6
4080,0
2256,6
6654,1
2362,4
2252,7
5733,8
4990,8
2745,9
4161,1
2335,5
5186,7
2104,8
3769,1
471,6
479,2
2120,3
4752,2
1136,1
1046,0
4500,4
1344,7
76,2
4882,4
681,4
3449,3
457,8
2161,7
4170,1
5317,9
2553,7
3952,1
3108,2
3560,6
3809,0
483,9
362,6
4441,9
1835,0
3541,2
3620,8
5091,9
3604,8
5245,8
4930,9
3236,6
3479,2
520,7
2195,3
5939,3
1738,0
3240,4
3692,1
3974,6
2932,0
2476,4
1209,9
1139,5
1361,5
3858,3
1668,9
2900,4
6224,4
3367,2
4409,9
3925,8
3241,4
3457,9
3854,3
7131,2
3466,9
4248,2
832,8
1776,1
7156,4
2221,3
1788,8
2628,1
5716,7
3128,8
2375,2
4305,0
4,6
5693,5
915,3
1927,8
2240,5
4064,2
2734,1
2108,9
3989,7
6685,8
4169,3
2330,8
2615,8
6151,3
1272,8
5003,8
96,7
795,9
2192,7
5193,6
4938,3
3102,7
4051,9
6706,1
2219,7
7138,8
6371,7
6117,0
3673,9
5887,6
2102,8
6412,9
326,6
2731,8
1347,0
1116,3
5543,2
2659,6
4328,3
5594,9
3412,2
2149,4
5805,8
4133,0
3117,3
1912,9
6447,9
1106,7
5119,2
5968,0
6838,9
2977,2
6189,3
527,3
4987,0
2554,4
4524,1
4481,2
4351,9
6103,8
5494,2
2018,5
1138,9
378,4
2827,3
6282,5
4134,4
736,3
547,3
4164,8
7113,9
1333,9
2392,7
16,8
122,4
1078,8
6173,2
3335,8
6159,3
6438,3
2761,3
6620,0
4517,2
389,1
6264,1
731,6
6419,1
3726,8
4162,7
4863,3
1454,8
6841,9
6408,1
289,2
3535,6
6405,8
543,7
6440,0
161,5
3331,0
7136,1
1244,1
951,8
1389,0
4670,4
3243,4
701,5
5605,1
2082,0
1760,2
4841,7
2652,1
2109,4
5582,9
1070,7
845,3
3469,1
2119,7
3034,8
4423,5
1366,7
6516,6
2948,5
4959,5
5551,3
1999,1
4761,6
4849,2
2640,2
6366,2
4376,1
6055,2
4540,2
3842,8
5999,4
5532,7
737,7
606,7
6551,1
4522,0
1940,2
6968,7
948,3
2794,0
3439,2
2706,0
2702,7
2888,8
2422,3
2960,2
2786,3
3709,9
5398,3
3272,0
5703,8
510,8
3317,8
3714,2
1906,5
6768,4
1669,9
5318,3
6077,6
4922,9
1728,0
2285,2
3266,5
3880,6
6779,4
5394,9
5664,2
4283,0
2660,4
6981,7
5485,0
3915,6
2319,2
6251,3
3654,3
1405,0
214,9
1562,2
2031,3
5579,8
3901,9
3167,1
2304,6
4503,9
5059,4
4713,1
2918,8
935,0
1988,3
1814,7
1972,8
1158,2
3000,4
2992,8
1726,0
6463,9
6249,2
4082,8
2650,9
2019,0
4485,6
5809,2
2748,1
45,8
6453,1
776,6
3383,8
99,4
339,9
1613,8
531,6
4550,3
3994,9
6831,4
6762,4
2585,5
3570,2
5412,7
2970,8
5730,2
1338,2
4721,5
4418,6
2687,9
2770,7
4185,9
4549,0
1358,7
817,4
6427,3
1390,5
4856,7
2690,3
1721,4
1197,0
6088,7
3907,7
6746,4
1680,6
2686,1
1332,4
2603,3
2360,3
4832,1
4071,3
6633,2
7160,3
1521,7
5325,8
5700,6
6105,2
3237,1
5507,2
3772,3
1250,4
2070,2
670,7
2590,4
5408,0
1632,6
6225,4
7077,7
2437,9
6096,7
43,7
1801,3
4102,1
7165,6
5720,7
6255,2
6395,5
5535,9
6667,8
657,2
6638,0
1864,3
530,1
1039,3
2123,9
1315,2
6813,3
3508,8
1194,1
3307,6
3009,5
706,0
3585,4
1088,3
3670,4
3904,4
1671,7
5441,0
2385,7
6050,4
1697,4
853,7
3755,9
6102,8
5927,5
2412,6
1576,6
7179,4
5447,5
2384,8
2081,5
1692,7
6176,5
648,6
6544,1
3591,9
5346,3
1913,2
3589,7
2433,2
1437,7
2757,4
3582,9
2340,8
3621,8
1401,9
5525,5
2714,2
766,2
2137,6
3937,4
2428,0
2312,9
6475,6
5302,7
550,9
2724,4
4122,0
6803,9
4371,9
5740,9
5682,9
419,9
1535,3
3263,3
4266,6
4730,1
1196,2
1206,3
6490,6
5902,1
41,2
6627,3
1570,7
2982,3
1434,7
5963,3
4681,4
5896,3
3514,9
2048,7
2073,7
1699,5
4589,2
4861,1
1538,4
2110,9
2284,3
831,6
1,2
5169,0
2743,0
5913,5
1225,9
5015,3
56,6
6787,7
6954,8
3285,7
2447,1
400,6
826,4
3354,4
6682,1
2853,3
6714,8
5541,2
5162,3
6912,1
4459,8
5400,2
6045,6
1189,6
3181,6
6370,8
1611,3
1356,6
4427,6
4300,1
2152,1
6458,5
4533,6
6469,0
1137,6
4764,8
1281,1
2494,6
4321,4
3847,8
2444,6
275,0
3252,7
254,9
5754,1
5750,1
2079,2
5194,8
2423,9
1483,4
3081,4
2164,1
4341,2
2730,3
3120,2
3643,9
4039,8
4732,6
6379,0
6848,8
1665,4
6417,1
3930,4
6226,3
7049,4
2177,1
1003,7
7183,3
1765,1
5820,0
6153,4
1905,5
4952,3
6907,9
7050,4
5671,1
0,4
1440,2
1944,3
5701,3
6895,4
4163,2
2130,2
1339,6
5745,1
5912,1
4004,0
1993,0
3050,7
641,3
2771,8
6581,8
4194,6
4842,7
1316,5
5565,8
559,7
671,7
3713,7
3699,8
1280,3
5159,6
2751,1
1850,6
1829,1
978,3
6538,2
6898,1
2934,2
2806,8
698,0
6227,0
4609,7
6973,4
989,3
6795,8
3678,0
3905,8
7103,7
4378,7
437,1
3708,0
3616,6
1638,5
4607,6
5718,7
2238,9
2475,1
1954,1
3745,7
6331,6
5334,1
2831,3
5772,4
5748,3
4218,1
3682,3
87,7
4053,4
5753,2
6699,5
4097,3
4770,6
3435,6
4309,9
6793,3
1811,6
4567,0
759,3
3795,7
4200,6
4075,9
4615,9
6250,4
5780,4
5508,5
6165,2
2309,5
5139,0
3301,4
5378,7
3217,2
5305,1
4245,7
3966,5
1862,7
3750,4
5892,7
572,6
6109,8
888,8
4816,7
5175,9
6020,5
3441,0
1477,7
2549,8
2613,1
5803,0
6570,8
3002,8
4015,7
6949,8
4285,0
6960,9
1558,3
5375,6
6124,0
5404,6
4331,5
5649,9
2000,1
5486,1
929,3
4820,5
5366,6
3274,9
356,1
4269,9
3656,1
4327,9
2260,2
3807,8
2391,1
838,0
2647,1
1945,6
5691,7
5549,4
3615,8
2388,2
1296,3
1031,0
2835,4
5306,0
4340,4
2394,6
4744,7
2091,5
1670,7
3188,5
789,9
3213,6
4717,4
1825,1
3973,8
2191,4
3374,6
545,0
145,9
5938,9
6044,5
5876,3
810,0
2421,2
1883,3
7088,9
2845,9
1701,2
281,2
6245,1
3044,9
6833,2
5956,3
655,6
466,6
5277,2
3739,1
6608,0
1808,7
1408,8
3587,8
2435,2
4401,5
4803,9
3941,9
568,0
7031,7
5840,3
2047,3
2951,1
1579,6
2025,6
3627,3
6118,4
3532,8
4391,9
6423,0
6354,8
393,0
5464,0
3927,6
6187,5
5426,3
3929,0
6772,9
7023,0
3078,6
3221,7
2571,6
3956,6
6824,0
3467,2
4186,5
1400,5
5620,9
1695,4
529,3
1762,0
571,0
5374,8
2619,2
6868,9
893,7
3135,6
5195,9
2610,4
238,7
2495,7
7189,9
782,8
2868,6
2162,0
2030,2
2214,7
6938,7
6325,2
604,6
5315,6
2512,3
4333,2
6031,8
5978,3
919,5
2302,8
4308,4
6321,3
5055,6
5109,3
4065,5
153,4
4095,7
5639,1
870,0
4725,4
702,6
297,5
3830,2
891,4
4997,1
6323,3
2069,1
2708,4
6034,5
5919,6
333,1
7084,5
6679,3
1134,5
5739,6
3923,7
4625,7
2579,1
5641,0
4910,0
4031,7
4236,4
6914,7
170,9
4566,8
4738,3
1724,0
4489,5
3106,6
4619,8
3882,6
3478,2
5431,2
4663,0
2179,3
1353,0
3005,7
230,0
4870,3
17,6
5922,2
203,4
898,2
4099,0
4019,1
2001,7
120,4
287,0
6825,8
6630,3
1302,2
1441,2
5947,3
5112,7
3497,8
5554,0
2709,6
6191,7
1599,8
7159,2
6522,6
2173,9
7078,7
1093,9
575,0
5177,0
3874,2
4839,1
1675,8
355,8
794,0
6800,0
2909,9
1311,2
693,0
5289,1
7134,4
3315,2
3289,4
3641,5
4687,9
52,4
4405,4
3942,9
6975,4
6521,6
6156,4
2056,4
4690,3
5974,0
4348,2
2159,7
3869,1
1354,9
3420,1
947,5
4323,3
4964,6
5367,3
1387,2
6171,0
887,5
3975,8
4408,0
1816,6
125,2
6386,2
4631,1
4456,1
4476,0
321,3
4899,0
5487,7
2196,8
3378,0
1980,5
2891,6
3572,0
6372,5
492,2
3110,4
2670,9
5763,8
6873,2
3311,2
7087,7
6231,6
878,9
4400,9
301,7
1329,9
4593,2
155,2
1626,2
7055,8
5783,8
824,4
5993,9
1756,4
2880,4
943,3
7066,2
1495,4
3041,2
299,6
5926,9
1051,1
6028,9
233,8
7038,6
2457,4
347,2
834,6
2180,2
3623,1
3451,6
3413,4
4242,8
3080,1
1790,3
6663,5
6749,6
1430,2
5125,4
5008,4
2396,5
3146,4
5345,1
3372,5
2206,8
6526,8
3805,6
1871,0
3006,8
6542,7
5556,5
1181,5
6693,3
248,7
3822,6
4802,0
5082,3
375,0
6298,4
1523,7
139,8
2971,6
3382,9
1620,6
5986,8
3637,9
4894,8
2967,1
3288,2
2267,6
7034,0
6123,8
5218,9
405,0
3283,6
1201,9
6452,9
5625,5
6935,8
6750,4
5499,2
2061,2
7097,3
6723,1
1326,2
3549,7
5569,8
1091,0
501,6
3386,0
5563,4
5969,8
5050,8
582,7
2875,0
6931,9
2560,9
4139,8
6854,5
4801,1
5676,3
4836,6
5834,5
4958,7
6573,6
6303,8
2310,8
1584,7
3303,5
4514,3
6347,0
1894,1
3886,7
2984,2
2251,4
6742,1
668,3
5350,4
4923,5
940,9
2856,3
2811,4
6857,0
5944,2
886,1
3186,6
1682,6
4715,1
6950,7
3064,8
3547,6
1157,8
1920,4
2556,7
2864,0
3885,9
813,7
3991,8
1273,5
7137,6
4686,3
5138,3
3166,5
2129,7
1565,9
4968,9
5506,7
818,3
3059,7
330,7
5704,6
1109,0
1761,6
3761,4
618,0
5061,5
6500,3
4106,4
2452,0
2148,5
6519,5
6503,7
4633,8
2174,2
6489,2
837,7
4482,3
6562,7
1976,6
5461,2
849,9
827,5
2713,0
279,9
2072,6
4512,5
5729,9
2765,6
2365,1
5076,1
1442,6
4411,4
2351,9
4587,7
237,5
5099,8
63,6
3664,2
5880,6
6222,4
1880,4
4996,7
4825,7
2500,2
2507,4
256,7
1960,6
81,9
1964,7
3095,4
6131,5
7005,5
863,2
3375,4
4100,8
910,3
663,3
930,4
1647,6
2404,3
6610,6
1033,4
1461,8
1304,7
1355,1
3306,1
1941,8
7177,7
900,5
876,2
5713,1
5798,6
3562,4
5503,7
6059,4
1104,2
4773,2
1919,3
5458,2
277,1
5476,0
4426,3
2145,2
3284,0
3197,5
6387,9
1210,9
4372,2
6362,9
3142,7
5236,8
6228,2
1807,9
1859,6
5869,6
2728,6
4582,4
5268,3
4796,6
5038,0
2548,7
3946,0
4660,0
4107,9
4364,9
3325,8
4676,1
3038,4
3265,8
6015,2
3720,8
4158,3
5761,0
5357,7
5403,8
4428,2
7095,9
5992,3
5942,3
4966,7
1190,7
3536,7
5187,8
5238,9
596,6
4766,2
4837,2
6575,4
5760,6
4528,1
3939,3
2037,9
2825,5
3096,8
6958,3
2316,4
1513,3
3409,5
119,8
5826,7
6984,3
3821,7
244,2
2414,7
6512,2
2208,1
861,2
2425,6
1712,3
6214,2
5529,4
6135,1
5838,3
1416,6
5731,7
2975,5
5848,2
3852,2
960,2
5864,8
5903,8
640,0
1191,7
621,0
3873,9
470,5
6270,6
2636,9
5143,7
46,9
4025,3
5618,3
194,9
5173,7
3865,9
1056,3
2532,1
5311,2
6071,7
719,8
5211,6
2716,5
5140,0
3431,7
5419,4
5056,4
6302,5
5539,6
4895,2
165,9
1997,2
2666,5
77,7
968,4
4622,4
1578,0
4953,6
5111,8
5685,4
4620,3
5304,4
3153,3
338,8
1704,6
4260,7
4132,4
445,9
6808,4
1176,2
2311,4
4986,8
3389,4
4318,0
3776,7
3395,7
3625,2
3718,1
3584,7
5352,8
4277,6
3631,8
3979,9
2187,1
973,4
4617,4
2573,4
2893,8
1981,1
2754,0
4747,7
3856,8
373,4
2929,0
4454,0
747,7
2347,5
3747,9
5570,1
1369,2
3377,2
5365,0
4983,9
3205,9
1077,9
587,1
6277,2
1108,6
4010,0
4440,4
6524,7
2261,6
1436,2
2634,4
3209,0
4247,7
4683,2
5160,9
6876,5
4679,3
3671,8
4149,7
5001,9
1968,3
2027,2
5634,9
4847,3
198,1
2815,1
580,6
2499,3
398,3
5907,1
29,2
2897,3
1365,5
2209,6
1385,7
6368,7
5172,9
156,3
2990,9
1503,0
5429,4
3094,7
5646,2
6385,7
6449,8
4864,0
3200,5
2378,0
2749,1
6770,0
1749,3
188,9
2136,9
3330,8
635,5
446,0
4756,4
5343,7
1949,3
860,5
6870,0
2769,4
4965,7
6155,6
6662,3
1694,2
5600,8
274,1
6047,5
773,7
2994,1
1126,4
93,6
1586,3
1740,2
5801,0
6393,6
4414,2
3597,6
4356,0
4807,9
5512,0
5791,6
4562,3
3312,3
440,2
1821,8
6603,7
1264,4
2327,2
3996,6
4523,1
4935,8
2374,7
6445,3
3947,0
6920,7
986,7
4166,3
7093,5
5531,4
3349,2
1262,4
3421,5
6612,7
3831,7
3443,2
3191,2
3337,4
2632,8
2795,0
49,7
1418,6
3650,9
4191,4
1522,1
1722,5
7126,6
6704,4
5438,5
401,0
1896,1
3988,1
7057,9
3712,9
495,7
5991,3
1659,9
1321,9
1540,0
4281,7
815,9
5364,0
229,8
6765,6
1512,7
1113,3
3681,6
5179,1
2225,4
7188,0
3542,8
141,9
4919,2
865,3
6207,4
5120,0
1120,2
4653,7
792,9
2541,1
5552,1
3902,7
3580,6
1458,0
3247,8
4147,2
554,7
679,4
4980,1
6856,5
6175,6
1607,7
1746,4
6293,8
1979,8
4998,2
5790,3
6953,2
785,2
925,4
5680,9
488,2
3229,9
757,8
812,3
4868,7
6892,3
1526,8
1624,2
4889,5
1391,6
5395,9
4110,9
4478,7
1566,4
5917,6
4762,3
2321,5
5151,6
1254,4
379,1
858,9
5827,1
4924,9
6410,5
1942,1
6843,6
3324,2
625,2
511,3
904,0
4238,4
4785,8
6356,1
4830,0
1168,1
6657,1
47,6
949,6
3445,4
1049,2
2183,9
5453,7
977,4
4529,5
1219,6
4772,3
4313,5
5624,3
6783,3
1173,1
2078,9
1839,6
9,3
970,9
1451,0
1381,6
3361,3
911,2
4273,1
2725,6
67,7
361,3
2905,8
3926,0
2936,1
2046,3
528,3
3099,1
5385,7
814,6
86,3
2877,7
5154,1
3934,1
3100,0
2855,3
4629,3
4902,1
761,3
3140,9
1865,2
1653,9
6600,3
4891,3
4811,0
429,8
5252,8
6234,2
5709,2
3906,2
387,2
2887,7
6006,3
2338,3
2988,3
5511,5
460,6
2348,1
2710,2
1186,7
3916,2
2006,6
4951,6
6571,3
1029,9
2478,7
7133,8
713,2
4580,3
1549,4
1693,5
3291,0
4355,6
695,2
3548,5
1700,4
680,2
1476,6
2063,7
258,2
3843,6
1335,7
404,2
6164,5
755,6
6552,2
6200,6
2681,2
4229,1
6727,1
4665,8
3883,8
4077,3
4240,2
18,5
2557,7
6,8
3732,8
851,8
4978,2
6828,1
1644,3
5640,7
3746,7
4069,0
6080,3
1048,0
3091,6
5339,3
6192,7
3018,1
2667,2
6932,3
506,3
6215,1
6559,3
689,7
6980,1
3820,9
114,6
3698,4
2236,0
6184,7
2606,8
1559,1
4886,6
3888,6
1832,3
4180,7
7152,3
6823,8
5599,5
1301,1
1467,0
4234,8
5465,0
7036,5
3872,5
4265,3
4314,3
1069,0
4451,8
1758,8
1803,1
5811,4
6182,7
4237,2
539,8
1350,6
4092,4
6066,2
5142,8
6676,3
6834,8
6988,5
4521,9
4556,6
1843,9
3062,2
300,1
1784,1
4416,6
5661,4
2578,5
1259,6
3201,3
3346,4
7048,0
6993,4
135,0
1494,6
5796,6
6518,1
3039,7
4988,4
4040,0
3014,8
3963,4
536,1
4852,3
4477,9
4898,3
34,6
3964,8
2333,2
4460,9
37,1
1986,3
6815,2
6322,7
2804,3
5667,4
2167,9
619,4
1630,4
4940,3
1965,2
1057,9
927,9
2912,2
5452,4
934,9
3867,7
3850,3
284,2
6312,2
6324,1
1142,4
4944,6
1601,7
6990,0
27,5
1664,3
2881,0
218,8
4062,6
4912,2
6753,6
1484,0
5816,7
2800,1
4688,9
4519,0
269,0
7185,9
3156,7
6014,7
1203,4
3814,7
6108,4
691,6
4708,8
6660,4
4783,3
1995,8
3815,3
3981,2
5534,3
51,5
91,8
7061,3
6262,8
1841,2
7045,7
4565,5
3193,3
3808,3
1337,2
7102,9
2041,7
1295,7
2371,7
2689,1
586,6
4862,7
517,4
4844,5
5094,3
3031,9
2595,4
2484,8
4726,4
4969,2
5929,4
4342,5
1830,6
5135,7
5613,8
4775,1
130,8
3162,3
115,9
6217,4
2857,0
620,7
5689,3
2246,3
722,1
1243,0
1810,6
1131,7
4913,0
3840,6
499,8
239,0
458,6
3278,6
360,3
6348,3
3440,3
3635,8
5915,6
3644,9
1922,8
2420,6
7196,3
971,2
2200,6
3134,4
5074,8
5064,6
909,2
1013,4
4297,9
2889,8
4813,8
882,4
191,7
5312,5
2774,2
359,4
3456,6
255,8
5875,8
2943,2
2468,8
3056,8
3060,4
6998,7
2089,7
7056,2
143,8
1062,4
5965,3
4908,5
3798,4
6626,3
2952,3
2924,9
7014,4
272,4
3962,3
4462,2
6700,7
4749,4
2782,6
3432,2
1323,8
3573,5
1876,2
741,6
3105,7
3183,3
932,8
315,8
3918,8
4326,2
3677,3
6885,9
4794,5
3742,1
3025,7
4760,8
1447,5
816,8
6424,9
4572,9
6232,8
3189,9
6353,5
311,8
4740,6
6769,7
1103,8
2233,8
997,2
4955,6
1320,8
15,6
2637,7
5777,6
1560,4
3668,9
6346,1
1660,4
5029,9
2287,1
883,4
2519,2
2199,0
770,6
5217,8
6091,7
2545,9
4537,2
4819,2
825,4
5285,9
1411,5
5023,5
5872,4
4650,8
4595,2
2226,1
4654,0
5083,8
1460,1
811,4
3545,4
1662,6
6130,7
4588,3
4943,1
6879,3
4793,2
4741,6
4450,6
3704,7
5118,8
4526,3
868,8
5274,1
711,4
5510,0
5389,2
884,1
4209,6
3617,3
1413,3
351,6
3130,4
5756,2
4705,7
5894,2
6508,3
2281,9
5481,2
4763,2
6560,1
2170,3
1294,3
1149,3
955,2
1124,8
7114,2
609,6
672,0
5467,0
3348,3
1634,9
5604,3
1809,7
436,0
6635,2
3817,6
2678,4
4121,3
2527,6
6360,5
3758,3
6546,9
5498,5
5136,6
5373,4
468,8
2022,3
2577,0
5200,6
3841,8
756,9
1455,6
5246,4
2908,3
3012,2
5196,2
7070,3
4583,4
1300,8
5581,8
469,9
7112,5
4662,7
1187,2
6218,9
5632,6
1509,2
5332,7
5282,3
4424,7
5416,6
3057,2
4153,8
5662,5
5684,5
6827,4
6163,1
7017,5
1470,3
112,9
6764,9
7121,6
42,0
5542,7
1450,5
2470,6
2612,1
4374,4
6315,8
5439,3
3281,2
3958,7
5879,8
5603,8
548,7
6916,7
5184,1
6881,4
7158,4
3171,0
5824,4
6336,6
1734,3
4881,7
3646,3
5298,8
4256,7
3376,8
3092,8
4367,4
2633,4
659,4
3759,0
1710,6
5331,1
6564,8
2203,4
2826,9
1581,9
6533,1
3728,8
1891,1
5970,9
5804,8
348,3
1649,8
6624,7
6607,8
895,1
2370,7
6579,5
2100,8
6860,2
2249,6
6180,8
3084,3
1879,1
1546,9
4651,7
1098,0
6268,9
2570,4
2202,9
944,7
6901,1
6614,7
2828,4
5269,0
3719,1
3884,4
4538,7
687,5
1702,6
2403,0
4120,6
6883,3
6558,9
6757,7
2791,8
409,4
5258,7
1752,6
4129,2
5734,4
3073,3
5226,7
6761,2
6922,4
4394,8
3187,1
2467,1
3238,9
3552,3
7176,5
1237,1
1886,7
4155,0
1008,0
3119,7
651,8
6930,1
999,3
6016,4
5658,5
2092,0
5825,3
5863,8
6454,3
4890,6
5958,8
11,4
6987,3
5962,2
6698,7
5330,7
1367,5
4192,3
5131,0
3860,4
1182,4
6807,0
5987,9
2075,9
6631,9
160,9
3176,9
3118,0
1019,9
3087,7
3760,6
6422,3
1417,7
6686,6
2723,3
6501,9
5710,8
5995,2
5152,2
4436,5
3636,3
1718,9
4573,5
6658,1
6509,8
3316,9
1478,7
2405,8
2902,0
5474,3
6485,7
3396,7
5300,3
5045,6
3275,8
286,9
3516,7
2160,8
5519,7
502,4
6636,5
4592,2
1774,0
5652,8
3823,3
2415,6
5742,1
341,0
168,5
746,5
5593,7
3318,3
5183,8
1656,0
5489,3
3661,3
4848,3
3438,8
216,8
1842,7
2747,7
1962,7
1917,0
7083,7
1083,6
3961,5
6979,5
70,4
5247,6
7016,2
5132,0
4038,8
5411,7
5349,5
3969,1
5595,4
3277,6
1768,9
7029,9
6865,7
3684,2
1319,2
3411,4
3126,4
859,7
5530,3
6887,0
2698,8
3864,0
7081,9
4859,8
5985,9
6377,0
1211,3
5555,7
1557,6
1154,2
6267,5
5843,1
3063,2
